Id,CreatedDate,DateOfBirth,Email,FamilyId,FirstName,Gender,LastModifiedDate,LastName,MaritalStatus,MiddleName,Telephone
1,1/2/2018,11/21/1993,HelenRAnderson@superrito.com,1,Helen,female,1/2/2018,Anderson,Single,R,518-328-6199
2,1/2/2018,3/12/1972,AlvaroNAnderson@jourrapide.com,1,Alvaro,male,1/2/2018,Anderson,Married,N,256-591-6958
3,1/2/2018,3/3/1959,KathleenHAnderson@jourrapide.com,1,Kathleen,female,1/2/2018,Anderson,Widower,H,386-517-6220
4,1/2/2018,1/4/1977,ScottAAnderson@gustr.com,1,Scott,male,1/2/2018,Anderson,Married,A,573-757-6724
5,1/2/2018,11/6/1958,MelindaCAnthony@teleworm.us,2,Melinda,female,1/2/2018,Anthony,Single,C,336-389-8458
6,1/2/2018,10/2/1951,KarinaWArmstrong@cuvox.de,3,Karina,female,1/2/2018,Armstrong,Single,W,205-274-3016
7,1/2/2018,5/4/1987,BettyBAsh@teleworm.us,4,Betty,female,1/2/2018,Ash,Single,B,404-280-9485
8,1/2/2018,2/22/1972,LouisSBailey@fleckens.hu,5,Louis,male,1/2/2018,Bailey,Married,S,404-423-8170
9,1/2/2018,10/18/1978,CathyDBailey@cuvox.de,6,Cathy,female,1/2/2018,Bailey,Married,D,803-997-3293
10,1/2/2018,7/8/1983,DavidKBaird@jourrapide.com,6,David,male,1/2/2018,Baird,Single,K,425-420-5924
11,1/2/2018,2/25/1987,MichaelHBaker@gustr.com,7,Michael,male,1/2/2018,Baker,Single,H,817-819-1614
12,1/2/2018,7/19/1962,FrancineJCaldwell@jourrapide.com,8,Francine,female,1/2/2018,Caldwell,Single,J,773-720-9436
13,1/2/2018,2/1/1980,ChristopherDCannon@cuvox.de,9,Christopher,male,1/2/2018,Cannon,Single,D,765-564-8522
14,1/2/2018,5/1/1953,ThelmaNCarvalho@superrito.com,10,Thelma,female,1/2/2018,Carvalho,Single,N,208-975-7351
15,1/2/2018,9/19/1943,BernardBDavidson@superrito.com,11,Bernard,male,1/2/2018,Davidson,Single,B,928-233-0139
16,1/2/2018,1/7/1993,NathanEDavis@gustr.com,12,Nathan,male,1/2/2018,Davis,Single,E,402-773-4034
17,1/2/2018,10/6/1970,SharonJDeboer@armyspy.com,13,Sharon,female,1/2/2018,Deboer,Single,J,541-436-3716
18,1/2/2018,7/10/1995,NadiaEEdwards@superrito.com,14,Nadia,female,1/2/2018,Edwards,Single,E,918-522-7495
19,1/2/2018,4/28/1948,MichelleNEllis@fleckens.hu,15,Michelle,female,1/2/2018,Ellis,Single,N,262-635-4926
20,1/2/2018,12/25/1974,RobinRElston@einrot.com,16,Robin,female,1/2/2018,Elston,Single,R,661-803-3702
21,1/2/2018,6/18/1989,FayeGEstrada@fleckens.hu,17,Faye,female,1/2/2018,Estrada,Single,G,205-994-9856
22,1/2/2018,11/18/1996,LisaJFahey@dayrep.com,18,Lisa,female,1/2/2018,Fahey,Single,J,907-725-0127
23,1/2/2018,1/29/1943,ElwoodSFallon@dayrep.com,19,Elwood,male,1/2/2018,Fallon,Single,S,802-552-2741
24,1/2/2018,10/15/1982,SamSFishman@rhyta.com,20,Sam,male,1/2/2018,Fishman,Single,S,845-866-5002
25,1/2/2018,8/30/1950,JacobRGann@teleworm.us,21,Jacob,male,1/2/2018,Gann,Single,R,810-760-5253
26,1/2/2018,3/8/1948,ChristopherMGarcia@teleworm.us,22,Christopher,male,1/2/2018,Garcia,Single,M,209-260-0170
27,1/2/2018,12/18/1992,JeffreyIGates@armyspy.com,23,Jeffrey,male,1/2/2018,Gates,Single,I,989-352-8303
28,1/2/2018,8/26/1946,MichaelSGreen@einrot.com,24,Michael,male,1/2/2018,Green,Married,S,765-562-8113
29,1/2/2018,3/1/1971,DellaJGreen@rhyta.com,24,Della,female,1/2/2018,Green,Married,J,972-441-1853
30,1/2/2018,1/13/1972,CrystalOHardy@teleworm.us,25,Crystal,female,1/2/2018,Hardy,Single,O,276-650-5320
31,1/2/2018,11/8/1959,LindaJHarris@fleckens.hu,26,Linda,female,1/2/2018,Harris,Married,J,816-351-4268
32,1/2/2018,5/14/1985,AsiaMHarris@cuvox.de,26,Asia,female,1/2/2018,Harris,Single,M,316-677-4412
33,1/2/2018,11/6/1955,BillySHarris@jourrapide.com,26,Billy,male,1/2/2018,Harris,Married,S,319-242-5975
34,1/2/2018,8/15/1944,EdithCHarris@rhyta.com,26,Edith,female,1/2/2018,Harris,Single,C,313-412-2989
35,1/2/2018,3/31/1963,ElizabethRHorn@dayrep.com,27,Elizabeth,female,1/2/2018,Horn,Single,R,480-467-8686
36,1/2/2018,7/15/1959,PaulSJackson@rhyta.com,28,Paul,male,1/2/2018,Jackson,Married,S,386-842-6251
37,1/2/2018,1/8/1949,JannisAJackson@fleckens.hu,28,Jannis,female,1/2/2018,Jackson,Married,A,517-204-6349
38,1/2/2018,12/23/1963,BrendaKJaramillo@gustr.com,29,Brenda,female,1/2/2018,Jaramillo,Single,K,646-756-7809
39,1/2/2018,7/24/1952,RamonaMJohnson@fleckens.hu,30,Ramona,female,1/2/2018,Johnson,Married,M,954-689-5382
40,1/2/2018,9/7/1941,AlanRJohnson@gustr.com,30,Alan,male,1/2/2018,Johnson,Married,R,954-523-0120
41,1/2/2018,7/19/1940,MauriceNJones@rhyta.com,31,Maurice,male,1/2/2018,Jones,Married,N,580-354-3824
42,1/2/2018,7/1/1964,MaGJones@dayrep.com,31,Ma,female,1/2/2018,Jones,Married,G,631-329-4488
43,1/2/2018,1/27/1933,AdrianOKillingsworth@gustr.com,32,Adrian,female,1/2/2018,Killingsworth,Single,O,516-740-6448
44,1/2/2018,7/18/1966,LauraRKim@rhyta.com,33,Laura,female,1/2/2018,Kim,Single,R,914-438-0243
45,1/2/2018,12/19/1970,VictorBKing@armyspy.com,34,Victor,male,1/2/2018,King,Single,B,626-713-0846
46,1/2/2018,7/16/1958,ThomasAKruse@armyspy.com,35,Thomas,male,1/2/2018,Kruse,Single,A,208-686-1240
47,1/2/2018,11/7/1989,MichaelALewis@fleckens.hu,36,Michael,male,1/2/2018,Lewis,Married,A,505-740-0531
48,1/2/2018,8/23/1971,UnaJLewis@armyspy.com,36,Una,female,1/2/2018,Lewis,Married,J,907-824-8574
49,1/2/2018,6/18/1998,KellyJMcCaughey@jourrapide.com,37,Kelly,female,1/2/2018,McCaughey,Single,J,262-348-8607
50,1/2/2018,7/26/1938,YolandaDMcClellan@superrito.com,38,Yolanda,female,1/2/2018,McClellan,Single,D,610-583-8069
51,1/2/2018,12/2/1954,EmiliaMMcClure@jourrapide.com,39,Emilia,female,1/2/2018,McClure,Single,M,847-978-1043
52,1/2/2018,10/31/1988,RichardMMiller@armyspy.com,40,Richard,male,1/2/2018,Miller,Married,M,419-626-0319
53,1/2/2018,7/28/1946,TimothyTMiller@teleworm.us,40,Timothy,male,1/2/2018,Miller,Widower,T,918-559-6790
54,1/2/2018,4/3/1984,MaryTMiller@fleckens.hu,40,Mary,female,1/2/2018,Miller,Married,T,623-332-9473
55,1/2/2018,11/27/1970,HaJNelson@dayrep.com,41,Ha,female,1/2/2018,Nelson,Single,J,804-674-7607
56,1/2/2018,6/18/1956,MichaelTNewborn@jourrapide.com,42,Michael,male,1/2/2018,Newborn,Single,T,740-358-5227
57,1/2/2018,3/17/1991,JamesLNewcomer@jourrapide.com,43,James,male,1/2/2018,Newcomer,Single,L,724-470-6017
58,1/2/2018,2/2/1934,AmyLOakes@rhyta.com,44,Amy,female,1/2/2018,Oakes,Single,L,570-758-6289
59,1/2/2018,11/2/1973,JamesJPhillips@superrito.com,45,James,male,1/2/2018,Phillips,Single,J,606-262-4636
60,1/2/2018,3/19/1944,TroySPhillips@dayrep.com,45,Troy,male,1/2/2018,Phillips,Single,S,574-203-8138
61,1/2/2018,6/11/1993,SaraRPierson@superrito.com,46,Sara,female,1/2/2018,Pierson,Single,R,205-786-2684
62,1/2/2018,1/21/1954,LaverneJPike@cuvox.de,47,Laverne,female,1/2/2018,Pike,Married,J,732-467-0015
63,1/2/2018,9/1/1942,FrancisJPike@rhyta.com,47,Francis,male,1/2/2018,Pike,Married,J,404-382-6943
64,1/2/2018,12/7/1983,DannyGRuiz@armyspy.com,48,Danny,male,1/2/2018,Ruiz,Married,G,407-970-1534
65,1/2/2018,7/25/1972,TammyWRuiz@superrito.com,48,Tammy,female,1/2/2018,Ruiz,Married,W,870-422-0458
66,1/2/2018,12/20/1963,LarryJSchreiber@superrito.com,49,Larry,male,1/2/2018,Schreiber,Married,J,206-273-7593
67,1/2/2018,9/26/1953,DoloresMSchreiner@superrito.com,49,Dolores,female,1/2/2018,Schreiner,Married,M,937-315-0706
68,1/2/2018,6/14/1945,LisaJSmith@dayrep.com,50,Lisa,female,1/2/2018,Smith,Widow,J,650-539-9969
69,1/2/2018,10/21/1982,RoseKSmith@jourrapide.com,50,Rose,female,1/2/2018,Smith,Married,K,817-869-2598
70,1/2/2018,11/18/1991,TimothyTSmith@cuvox.de,50,Timothy,male,1/2/2018,Smith,Married,T,415-299-2806
71,1/2/2018,3/11/1937,AndresATerrell@cuvox.de,51,Andres,male,1/2/2018,Terrell,Single,A,818-372-3957
72,1/2/2018,6/25/1954,LisaTThomas@dayrep.com,52,Lisa,female,1/2/2018,Thomas,Married,T,330-670-5764
73,1/2/2018,8/15/1967,TerryMThomas@superrito.com,52,Terr,male,1/2/2018,Thomas,Married,M,906-481-8034
74,1/2/2018,1/25/1963,LarryKThompson@dayrep.com,53,Larry,male,1/2/2018,Thompson,Married,K,304-436-3965
75,1/2/2018,12/1/1956,VictoriaCThompson@fleckens.hu,53,Victoria,female,1/2/2018,Thompson,Single,C,678-817-5616
76,1/2/2018,8/5/1972,FrancesRThompson@rhyta.com,53,Frances,female,1/2/2018,Thompson,Married,R,910-675-7850
77,1/2/2018,8/9/1946,HermanLValentin@superrito.com,54,Herman,male,1/2/2018,Valentin,Single,L,707-591-5504
78,1/2/2018,5/9/1954,PaulAValles@gustr.com,55,Paul,male,1/2/2018,Valles,Single,A,505-724-6722
79,1/2/2018,4/18/1946,NicholusAWheeler@teleworm.us,56,Nicholus,male,1/2/2018,Wheeler,Married,A,419-769-5489
80,1/2/2018,9/20/1953,RandyWWheeler@cuvox.de,56,Randy,female,1/2/2018,Wheeler,Married,W,770-994-4272
81,1/2/2018,1/13/1993,DorrisMWhite@gustr.com,57,Dorris,female,1/2/2018,White,Married,M,608-818-9767
82,1/2/2018,8/15/1989,DavidMWhite@jourrapide.com,57,David,male,1/2/2018,White,Married,M,404-759-0453
83,1/2/2018,5/28/1964,LuisBWhitley@armyspy.com,58,Luis,male,1/2/2018,Whitley,Single,B,315-721-1753
84,1/2/2018,3/24/1991,DonnaBYeates@superrito.com,59,Donna,female,1/2/2018,Yeates,Single,B,724-601-3925
85,1/2/2018,8/7/1995,DavidRYoung@gustr.com,60,David,male,1/2/2018,Young,Single,R,805-478-9934
